{
  "station_id": "9410170",
  "rows": 109,
  "rmse_m": 0.08189442745209481,
  "r2": 0.980857204142546
}