{
  "station_id": "9410170",
  "rows": 2,
  "rmse_m": 0.12167374408638872,
  "r2": -0.21246493724534865
}