{
  "station_id": "9410170",
  "rows": 109,
  "rmse_m": 0.20397411690450454,
  "r2": 0.8732207251564222
}