{
  "station_id": "8723214",
  "rows": 108,
  "rmse_m": 0.22770471050284663,
  "r2": 0.210492466632209
}