{
  "station_id": "9410170",
  "rows": 106,
  "rmse_m": 0.09737391460387643,
  "r2": 0.9622872196602973
}