{
  "station_id": "9410170",
  "rows": 109,
  "rmse_m": 0.2832773950897024,
  "r2": 0.8366917045550145
}