{
  "station_id": "8722670",
  "rows": 109,
  "rmse_m": 0.2098624932069708,
  "r2": 0.6328905681098806
}