{
  "station_id": "8723970",
  "rows": 83,
  "rmse_m": 0.14507638204237802,
  "r2": -1.7989110037956775
}